ProductID,DocumentNode,ModifiedDate
317,0x6AC0,2013-12-29 13:51:58.103
318,0x6AC0,2013-12-29 13:51:58.103
319,0x6AC0,2013-12-29 13:51:58.103
506,0x7AC0,2013-12-29 13:51:58.103
506,0x7B40,2013-12-29 13:51:58.103
514,0x7C20,2013-12-29 13:51:58.120
515,0x7C20,2013-12-29 13:51:58.120
516,0x7C20,2013-12-29 13:51:58.120
517,0x7C20,2013-12-29 13:51:58.120
518,0x7C20,2013-12-29 13:51:58.120
519,0x7C20,2013-12-29 13:51:58.120
520,0x7C20,2013-12-29 13:51:58.120
521,0x7C20,2013-12-29 13:51:58.120
522,0x7C20,2013-12-29 13:51:58.120
928,0x6AC0,2013-12-29 13:51:58.103
929,0x6AC0,2013-12-29 13:51:58.103
930,0x6AC0,2013-12-29 13:51:58.103
931,0x6AC0,2013-12-29 13:51:58.103
932,0x6AC0,2013-12-29 13:51:58.103
933,0x6AC0,2013-12-29 13:51:58.103
934,0x6AC0,2013-12-29 13:51:58.103
935,0x7BC0,2013-12-29 13:51:58.103
936,0x7BC0,2013-12-29 13:51:58.103
937,0x7BC0,2013-12-29 13:51:58.103
938,0x7BC0,2013-12-29 13:51:58.103
939,0x7BC0,2013-12-29 13:51:58.103
940,0x7BC0,2013-12-29 13:51:58.103
941,0x7BC0,2013-12-29 13:51:58.103
977,0x5AC0,2013-12-29 13:51:58.103
997,0x5AC0,2013-12-29 13:51:58.103
998,0x5AC0,2013-12-29 13:51:58.103
999,0x5AC0,2013-12-29 13:51:58.120
